{성별},{한국어},{1격 정관사 명사},{3격 정관사 명사},{4격 정관사 명사},{1격 부정관사 명사},{3격 부정관사 명사},{4격 부정관사 명사},{복수 정관사 명사},{이미지}
남성,남자,der Mann,dem Mann,den Mann,ein Mann,einem Mann,einen Mann,die Männer,images/mann.png
여성,여자,die Frau,der Frau,die Frau,eine Frau,einer Frau,eine Frau,die Frauen,images/frau.png
중성,아이,das Kind,dem Kind,das Kind,ein Kind,einem Kind,ein Kind,die Kinder,images/kind.png
남성,아버지,der Vater,dem Vater,den Vater,ein Vater,einem Vater,einen Vater,die Väter,images/vater.png
여성,어머니,die Mutter,der Mutter,die Mutter,eine Mutter,einer Mutter,eine Mutter,die Mütter,images/mutter.png
남성,아들,der Sohn,dem Sohn,den Sohn,ein Sohn,einem Sohn,einen Sohn,die Söhne,images/sohn.png
여성,딸,die Tochter,der Tochter,die Tochter,eine Tochter,einer Tochter,eine Tochter,die Töchter,images/tochter.png
남성,남자형제,der Bruder,dem Bruder,den Bruder,ein Bruder,einem Bruder,einen Bruder,die Brüder,images/bruder.png
여성,여자형제,die Schwester,der Schwester,die Schwester,eine Schwester,einer Schwester,eine Schwester,die Schwestern,images/schwester.png
남성,할아버지,der Opa,dem Opa,den Opa,ein Opa,einem Opa,einen Opa,die Opas,images/opa.png
여성,할머니,die Oma,der Oma,die Oma,eine Oma,einer Oma,eine Oma,die Omas,images/oma.png
남성,친구(남),der Freund,dem Freund,den Freund,ein Freund,einem Freund,einen Freund,die Freunde,images/freund.png
여성,친구(여),die Freundin,der Freundin,die Freundin,eine Freundin,einer Freundin,eine Freundin,die Freundinnen,images/freundin.png
남성,이웃,der Nachbar,dem Nachbarn,den Nachbarn,ein Nachbar,einem Nachbarn,einen Nachbarn,die Nachbarn,images/nachbar.png
여성,이웃(여),die Nachbarin,der Nachbarin,die Nachbarin,eine Nachbarin,einer Nachbarin,eine Nachbarin,die Nachbarinnen,images/nachbarin.png
남성,손님,der Gast,dem Gast,den Gast,ein Gast,einem Gast,einen Gast,die Gäste,images/gast.png
남성,남편,der Ehemann,dem Ehemann,den Ehemann,ein Ehemann,einem Ehemann,einen Ehemann,die Ehemänner,images/ehemann.png
여성,아내,die Ehefrau,der Ehefrau,die Ehefrau,eine Ehefrau,einer Ehefrau,eine Ehefrau,die Ehefrauen,images/ehefrau.png
남성,의사,der Arzt,dem Arzt,den Arzt,ein Arzt,einem Arzt,einen Arzt,die Ärzte,images/arzt.png
여성,여의사,die Ärztin,der Ärztin,die Ärztin,eine Ärztin,einer Ärztin,eine Ärztin,die Ärztinnen,images/ärztin.png
남성,선생님,der Lehrer,dem Lehrer,den Lehrer,ein Lehrer,einem Lehrer,einen Lehrer,die Lehrer,images/lehrer.png
여성,여선생님,die Lehrerin,der Lehrerin,die Lehrerin,eine Lehrerin,einer Lehrerin,eine Lehrerin,die Lehrerinnen,images/lehrerin.png
남성,요리사,der Koch,dem Koch,den Koch,ein Koch,einem Koch,einen Koch,die Köche,images/koch.png
남성,판매원,der Verkäufer,dem Verkäufer,den Verkäufer,ein Verkäufer,einem Verkäufer,einen Verkäufer,die Verkäufer,images/verkäufer.png
남성,경찰,der Polizist,dem Polizisten,den Polizisten,ein Polizist,einem Polizisten,einen Polizisten,die Polizisten,images/polizist.png
남성,웨이터,der Kellner,dem Kellner,den Kellner,ein Kellner,einem Kellner,einen Kellner,die Kellner,images/kellner.png
여성,여웨이터,die Kellnerin,der Kellnerin,die Kellnerin,eine Kellnerin,einer Kellnerin,eine Kellnerin,die Kellnerinnen,images/kellnerin.png
남성,프로그래머,der Programmierer,dem Programmierer,den Programmierer,ein Programmierer,einem Programmierer,einen Programmierer,die Programmierer,images/programmierer.png
남성,미용사,der Friseur,dem Friseur,den Friseur,ein Friseur,einem Friseur,einen Friseur,die Friseure,images/friseur.png
여성,여미용사,die Friseurin,der Friseurin,die Friseurin,eine Friseurin,einer Friseurin,eine Friseurin,die Friseurinnen,images/friseurin.png
남성,기자,der Journalist,dem Journalisten,den Journalisten,ein Journalist,einem Journalisten,einen Journalisten,die Journalisten,images/journalist.png
남성,대학생,der Student,dem Studenten,den Studenten,ein Student,einem Studenten,einen Studenten,die Studenten,images/student.png
여성,여대생,die Studentin,der Studentin,die Studentin,eine Studentin,einer Studentin,eine Studentin,die Studentinnen,images/studentin.png
남성,직원,der Angestellte,dem Angestellten,den Angestellten,ein Angestellter,einem Angestellten,einen Angestellten,die Angestellten,images/angestellte.png
남성,사장님,der Chef,dem Chef,den Chef,ein Chef,einem Chef,einen Chef,die Chefs,images/chef.png
여성,여사장님,die Chefin,der Chefin,die Chefin,eine Chefin,einer Chefin,eine Chefin,die Chefinnen,images/chefin.png
남성,사과,der Apfel,dem Apfel,den Apfel,ein Apfel,einem Apfel,einen Apfel,die Äpfel,images/apfel.png
여성,바나나,die Banane,der Banane,die Banane,eine Banane,einer 바나나,eine Banane,die Bananen,images/banane.png
중성,빵,das Brot,dem Brot,das Brot,ein Brot,einem Brot,ein Brot,die Brote,images/brot.png
중성,계란,das Ei,dem Ei,das Ei,ein Ei,einem Ei,ein Ei,die Eier,images/ei.png
남성,치즈,der Käse,dem Käse,den Käse,ein Käse,einem Käse,einen Käse,die Käse,images/käse.png
여성,소시지,die Wurst,der Wurst,die Wurst,eine Wurst,einer Wurst,eine Wurst,die Würste,images/wurst.png
중성,고기,das Fleisch,dem Fleisch,das Fleisch,ein Fleisch,einem Fleisch,ein Fleisch,die Fleischarten,images/fleisch.png
남성,샐러드,der Salat,dem Salat,den Salat,ein Salat,einem Salat,einen Salat,die Salate,images/salat.png
남성,쌀,der Reis,dem Reis,den Reis,ein Reis,einem Reis,einen Reis,die Reise,images/reis.png
여성,피자,die Pizza,der Pizza,die Pizza,eine Pizza,einer Pizza,eine Pizza,die Pizzas,images/pizza.png
남성,햄버거,der Hamburger,dem Hamburger,den Hamburger,ein Hamburger,einem Hamburger,einen Hamburger,die Hamburger,images/hamburger.png
여성,국수,die Nudeln,den Nudeln,die Nudeln,-,-,-,die Nudeln,images/nudeln.png
남성,꿀,der Honig,dem Honig,den Honig,ein Honig,einem Honig,einen Honig,die Honige,images/honig.png
여성,설탕,der Zucker,dem Zucker,den Zucker,ein Zucker,einem Zucker,einen Zucker,die Zucker,images/zucker.png
중성,소금,das Salz,dem Salz,das Salz,ein Salz,einem Salz,ein Salz,die Salze,images/salz.png
남성,후추,der Pfeffer,dem Pfeffer,den Pfeffer,ein Pfeffer,einem Pfeffer,einen Pfeffer,die Pfeffer,images/pfeffer.png
여성,버터,die Butter,der Butter,die Butter,eine Butter,einer Butter,eine Butter,die Buttern,images/butter.png
남성,마늘,der Knoblauch,dem Knoblauch,den Knoblauch,ein Knoblauch,einem Knoblauch,einen Knoblauch,die Knoblauchzehen,images/knoblauch.png
여성,양파,die Zwiebel,der Zwiebel,die Zwiebel,eine Zwiebel,einer Zwiebel,eine Zwiebel,die Zwiebeln,images/zwiebel.png
남성,케이크,der Kuchen,dem Kuchen,den Kuchen,ein Kuchen,einem Kuchen,einen Kuchen,die Kuchen,images/kuchen.png
중성,과일,das Obst,dem Obst,das Obst,-,-,-,die Obstsorten,images/obst.png
중성,채소,das Gemüse,dem Gemüse,das Gemüse,-,-,-,die Gemüse,images/gemüse.png
남성,생선,der Fisch,dem Fisch,den Fisch,ein Fisch,einem Fisch,einen Fisch,die Fische,images/fisch.png
남성,커피,der Kaffee,dem Kaffee,den Kaffee,ein Kaffee,einem Kaffee,einen Kaffee,die Kaffees,images/kaffee.png
여성,우유,die Milch,der Milch,die Milch,eine Milch,einer Milch,eine Milch,die Milchen,images/milch.png
중성,물,das Wasser,dem Wasser,das 기초,ein Wasser,einem Wasser,ein 기초,die Wässer,images/wasser.png
남성,차(Tea),der Tee,dem Tee,den Tee,ein Tee,einem Tee,einen Tee,die Tees,images/tee.png
남성,주스,der Saft,dem Saft,den Saft,ein Saft,einem Saft,einen Saft,die Säfte,images/saft.png
남성,알코올,der Alkohol,dem Alkohol,den Alkohol,ein Alkohol,einem Alkohol,einen Alkohol,die Alkohole,images/alkohol.png
중성,맥주,das Bier,dem Bier,das Bier,ein Bier,einem Bier,ein Bier,die Biere,images/bier.png
남성,와인,der Wein,dem Wein,den Wein,ein 와인,einem Wein,einen Wein,die Weine,images/wein.png
여성,콜라,die Cola,der Cola,die Cola,eine Cola,einer Cola,eine Cola,die Colas,images/cola.png
여성,레모네이드,die Limonade,der Limonade,die Limonade,eine Limonade,einer Limonade,eine Limonade,die Limonaden,images/limonade.png
중성,집,das Haus,dem Haus,das Haus,ein Haus,einem Haus,ein Haus,die Häuser,images/haus.png
여성,아파트,die Wohnung,der Wohnung,die Wohnung,eine Wohnung,einer Wohnung,eine Wohnung,die Wohnungen,images/wohnung.png
중성,방,das Zimmer,dem Zimmer,das Zimmer,ein Zimmer,einem Zimmer,ein Zimmer,die Zimmer,images/zimmer.png
여성,주방,die Küche,der Küche,die Küche,eine Küche,einer Küche,eine Küche,die Küchen,images/küche.png
남성,책상,der Tisch,dem Tisch,den Tisch,ein Tisch,einem Tisch,einen Tisch,die Tische,images/tisch.png
남성,의자,der Stuhl,dem Stuhl,den Stuhl,ein Stuhl,einem Stuhl,einen Stuhl,die Stühle,images/stuhl.png
남성,옷장,der Schrank,dem Schrank,den Schrank,ein Schrank,einem Schrank,einen Schrank,die Schränke,images/schrank.png
중성,침대,das Bett,dem Bett,das Bett,ein Bett,einem Bett,ein Bett,die Betten,images/bett.png
여성,전등,die Lampe,der Lampe,die Lampe,eine Lampe,einer Lampe,eine Lampe,die Lampen,images/lampe.png
중성,호텔,das Hotel,dem Hotel,das Hotel,ein Hotel,einem Hotel,ein Hotel,die Hotels,images/hotel.png
중성,박물관,das Museum,dem Museum,das Museum,ein Museum,einem Museum,ein Museum,die Museen,images/museum.png
중성,극장,das Theater,dem Theater,das Theater,ein Theater,einem Theater,ein Theater,die Theater,images/theater.png
여성,도서관,die Bibliothek,der Bibliothek,die Bibliothek,eine Bibliothek,einer Bibliothek,eine Bibliothek,die Bibliotheken,images/bibliothek.png
중성,수영장,das Schwimmbad,dem Schwimmbad,das Schwimmbad,ein Schwimmbad,einem Schwimmbad,ein Schwimmbad,die Schwimmbäder,images/schwimmbad.png
남성,시장,der Markt,dem Markt,den Markt,ein Markt,einem 시장,einen 시장,die Märkte,images/markt.png
여성,은행,die Bank,der Bank,die Bank,eine Bank,einer Bank,eine Bank,die Banken,images/bank.png
여성,우체국,die Post,der Post,die Post,eine Post,einer Post,eine Post,die Posten,images/post.png
여성,경찰서,die Polizei,der Polizei,die Polizei,eine Polizei,einer Polizei,eine Polizei,die Polizeien,images/polizei.png
여성,대학교,die Universität,der Universität,die Universität,eine Universität,einer Universität,eine Universität,die Universitäten,images/universität.png
중성,사무실,das Büro,dem Büro,das Büro,ein Büro,einem Büro,ein Büro,die Büros,images/büro.png
여성,정류장,die Haltestelle,der Haltestelle,die Haltestelle,eine Haltestelle,einer Haltestelle,eine Haltestelle,die Haltestellen,images/haltestelle.png
남성,공항,der Flughafen,dem Flughafen,den Flughafen,ein Flughafen,einem Flughafen,einen Flughafen,die Flughäfen,images/flughafen.png
남성,항구,der Hafen,dem Hafen,den Hafen,ein Hafen,einem Hafen,einen Hafen,die Häfen,images/hafen.png
여성,국경,die Grenze,der Grenze,die 기초,eine Grenze,einer Grenze,eine 기초,die Grenzen,images/grenze.png
남성,기차역,der Bahnhof,dem Bahnhof,den Bahnhof,ein Bahnhof,einem Bahnhof,einen Bahnhof,die Bahnhöfe,images/bahnhof.png
여성,학교,die Schule,der Schule,die Schule,eine Schule,einer Schule,eine Schule,die Schulen,images/schule.png
중성,병원,das Krankenhaus,dem Krankenhaus,das 기초,ein Krankenhaus,einem Krankenhaus,ein 기초,die Krankenhäuser,images/krankenhaus.png
여성,도시,die Stadt,der Stadt,die 기초,eine Stadt,einer Stadt,eine 기초,die Städte,images/stadt.png
중성,나라,das Land,dem Land,das 기초,ein Land,einem Land,ein 기초,die Länder,images/land.png
남성,공원,der Park,dem Park,den Park,ein Park,einem Park,einen Park,die Parks,images/park.png
남성,버스,der Bus,dem Bus,den Bus,ein Bus,einem Bus,einen Bus,die Busse,images/bus.png
여성,지하철,die U-Bahn,der U-Bahn,die U-Bahn,eine U-Bahn,einer U-Bahn,eine U-Bahn,die U-Bahnen,images/u-bahn.png
중성,자동차,das Auto,dem Auto,das 기초,ein Auto,einem Auto,ein 기초,die Autos,images/auto.png
중성,자전거,das Fahrrad,dem Fahrrad,das 기초,ein Fahrrad,einem Fahrrad,ein 기초,die Fahrräder,images/fahrrad.png
남성,기차,der Zug,dem Zug,den Zug,ein Zug,einem Zug,einen Zug,die Züge,images/zug.png
여성,노면전차,die Straßenbahn,der Straßenbahn,die Straßenbahn,eine Straßenbahn,einer Straßenbahn,eine Straßenbahn,die Straßenbahnen,images/straßenbahn.png
여성,도시철도,die S-Bahn,der S-Bahn,die S-Bahn,eine S-Bahn,einer S-Bahn,eine S-Bahn,die S-Bahnen,images/s-bahn.png
중성,비행기,das Flugzeug,dem Flugzeug,das 기초,ein Flugzeug,einem Flugzeug,ein 기초,die Flugzeuge,images/flugzeug.png
중성,택시,das Taxi,dem Taxi,das 기초,ein Taxi,einem Taxi,ein 기초,die Taxis,images/taxi.png
남성,트럭,der LKW,dem LKW,den LKW,ein LKW,einem LKW,einen LKW,die LKWs,images/lkw.png
남성,오토바이,der Roller,dem Roller,den Roller,ein Roller,einem Roller,einen Roller,die Roller,images/roller.png
남성,도보,der Fußweg,dem Fußweg,den Fußweg,ein Fußweg,einem Fußweg,einen Fußweg,die Fußwege,images/fußweg.png
남성,슈퍼마켓,der Supermarkt,dem Supermarkt,den Supermarkt,ein Supermarkt,einem Supermarkt,einen Supermarkt,die Supermärkte,images/supermarkt.png
여성,빵집,die Bäckerei,der Bäckerei,die 기초,eine Bäckerei,einer Bäckerei,eine 기초,die Bäckereien,images/bäckerei.png
여성,약국,die Apotheke,der Apothe케,die 기초,eine Apotheke,einer Apotheke,eine 기초,die Apotheken,images/apotheke.png
중성,백화점,das Kaufhaus,dem Kaufhaus,das 기초,ein Kaufhaus,einem Kaufhaus,ein 기초,die Kaufhäuser,images/kaufhaus.png
중성,식당,das Restaurant,dem Restaurant,das 기초,ein Restaurant,einem Restaurant,ein 기초,die Restaurants,images/restaurant.png
남성,날(Day),der Tag,dem Tag,den Tag,ein Tag,einem Tag,einen Tag,die Tage,images/tag.png
여성,시간,die Zeit,der Zeit,die 기초,eine Zeit,einer Zeit,eine 기초,die Zeiten,images/zeit.png
중성,년(Year),das Jahr,dem Jahr,das 기초,ein Jahr,einem Jahr,ein 기초,die Jahre,images/jahr.png
여성,주(Week),die Woche,der Woche,die 기초,eine Woche,einer Woche,eine 기초,die Wochen,images/woche.png
남성,달(Month),der Monat,dem Monat,den Monat,ein Monat,einem Monat,einen Monat,die Monate,images/monat.png
남성,아침,der Morgen,dem Morgen,den Morgen,ein Morgen,einem Morgen,einen Morgen,die Morgen,images/morgen.png
남성,저녁,der Abend,dem Abend,den Abend,ein Abend,einem Abend,einen Abend,die Abende,images/abend.png
여성,밤,die Nacht,der Nacht,die 기초,eine Nacht,einer Nacht,eine 기초,die Nächte,images/nacht.png
여성,초,die Sekunde,der Sekunde,die 기초,eine Sekunde,einer Sekunde,eine 기초,die Sekunden,images/sekunde.png
여성,분,die Minute,der Minute,die 기초,eine Minute,einer Minute,eine 기초,die Minuten,images/minute.png
여성,시간(단위),die Stunde,der Stunde,die 기초,eine Stunde,einer 기초,eine 기초,die Stunden,images/stunde.png
남성,정오,der Mittag,dem Mittag,den Mittag,ein Mittag,einem Mittag,einen Mittag,die Mittage,images/mittag.png
남성,오전,der Vormittag,dem Vormittag,den Vormittag,ein Vormittag,einem Vormittag,einen Vormittag,die Vormittage,images/vormittag.png
남성,오후,der Nachmittag,dem Nachmittag,den Nachmittag,ein Nachmittag,einem Nachmittag,einen Nachmittag,die Nachmittage,images/nachmittag.png
남성,월요일,der Montag,dem Montag,den Montag,ein Montag,einem Montag,einen Montag,die Montage,images/montag.png
남성,화요일,der Dienstag,dem Dienstag,den Dienstag,ein Dienstag,einem Dienstag,einen Dienstag,die Dienstage,images/dienstag.png
남성,수요일,der Mittwoch,dem Mittwoch,den 기초,ein 기초,einem 기초,einen 기초,die Mittwoche,images/mittwoch.png
남성,목요일,der Donnerstag,dem Donnerstag,den 기초,ein 기초,einem 기초,einen 기초,die Donnerstage,images/donnerstag.png
남성,금요일,der Freitag,dem Freitag,den 기초,ein 기초,einem 기초,einen 기초,die Freitage,images/freitag.png
남성,토요일,der Samstag,dem Samstag,den 기초,ein 기초,einem 기초,einen 기초,die Samstage,images/samstag.png
남성,일요일,der Sonntag,dem Sonntag,den 기초,ein 기초,einem 기초,einen 기초,die Sonntage,images/sonntag.png
남성,봄,der Frühling,dem Frühling,den 기초,ein 기초,einem 기초,einen 기초,die Frühlinge,images/frühling.png
남성,여름,der Sommer,dem Sommer,den 기초,ein 기초,einem 기초,einen 기초,die Sommer,images/sommer.png
남성,가을,der Herbst,dem Herbst,den 기초,ein 기초,einem 기초,einen 기초,die Herbste,images/herbst.png
남성,겨울,der Winter,dem Winter,den 기초,ein 기초,einem 기초,einen 기초,die Winter,images/winter.png
중성,휴대폰,das Handy,dem Handy,das 기초,ein Handy,einem Handy,ein 기초,die Handys,images/handy.png
중성,책,das Buch,dem Buch,das 기초,ein Buch,einem 기초,ein 기초,die Bücher,images/buch.png
남성,열쇠,der Schlüssel,dem Schlüssel,den 기초,ein 기초,einem 기초,einen 기초,die Schlüssel,images/schlüssel.png
여성,가방,die Tasche,der Tasche,die 기초,eine 기초,einer 기초,eine 기초,die Taschen,images/tasche.png
여성,안경,die Brille,der Brille,die 기초,eine 기초,einer 기초,eine 기초,die Brillen,images/brille.png
남성,컴퓨터,der Computer,dem Computer,den 기초,ein 기초,einem 기초,einen 기초,die Computer,images/computer.png
남성,모니터,der Monitor,dem Monitor,den 기초,ein 기초,einem 기초,einen 기초,die Monitore,images/monitor.png
여성,마우스,die Maus,der Maus,die 기초,eine 기초,einer 기초,eine 기초,die Mäuse,images/maus.png
여성,키보드,die Tastatur,der Tastatur,die 기초,eine 기초,einer 기초,eine 기초,die Tastaturen,images/tastatur.png
남성,프린터,der Drucker,dem Drucker,den 기초,ein 기초,einem 기초,einen 기초,die Drucker,images/drucker.png
여성,카메라,die Kamera,der Kamera,die 기초,eine 기초,einer 기초,eine 기초,die Kameras,images/kamera.png
중성,라디오,das Radio,dem Radio,das 기초,ein 기초,einem 기초,ein 기초,die Radios,images/radio.png
남성,텔레비전,der Fernseher,dem Fernseher,den 기초,ein 기초,einem 기초,einen 기초,die Fernseher,images/fernseher.png
중성,그림,das Bild,dem Bild,das 기초,ein 기초,einem 기초,ein 기초,die Bilder,images/bild.png
남성,볼펜,der Kugelschreiber,dem Kugelschreiber,den 기초,ein 기초,einem 기초,einen 기초,die Kugelschreiber,images/kugelschreiber.png
남성,연필,der Bleistift,dem Bleistift,den 기초,ein 기초,einem 기초,einen 기초,die Bleistifte,images/bleistift.png
중성,종이,das Papier,dem Papier,das 기초,ein 기초,einem 기초,ein 기초,die Papiere,images/papier.png
여성,가위,die Schere,der Schere,die 기초,eine 기초,einer 기초,eine 기초,die Scheren,images/schere.png
남성,지갑,der Geldbeutel,dem Geldbeutel,den 기초,ein 기초,einem 기초,einen 기초,die Geldbeutel,images/geldbeutel.png
남성,우산,der Regenschirm,dem Regenschirm,den 기초,ein 기초,einem 기초,einen 기초,die Regenschirme,images/regenschirm.png
중성,날씨,das Wetter,dem Wetter,das 기초,ein 기초,einem 기초,ein 기초,die Wetter,images/wetter.png
여성,태양,die Sonne,der Sonne,die 기초,eine 기초,einer 기초,eine 기초,die Sonnen,images/sonne.png
남성,비,der Regen,dem Regen,den 기초,ein 기초,einem 기초,einen 기초,die Regen,images/regen.png
남성,바람,der Wind,dem Wind,den 기초,ein 기초,einem 기초,einen 기초,die Winde,images/wind.png
여성,구름,die Wolke,der Wolke,die 기초,eine 기초,einer 기초,eine 기초,die Wolken,images/wolke.png
남성,천둥,der Donner,dem Donner,den 기초,ein 기초,einem 기초,einen 기초,die Donner,images/donner.png
남성,번개,der Blitz,dem Blitz,den 기초,ein 기초,einem 기초,einen 기초,die Blitze,images/blitz.png
남성,안개,der Nebel,dem Nebel,den 기초,ein 기초,einem 기초,einen 기초,die Nebel,images/nebel.png
남성,폭풍,der Sturm,dem Sturm,den 기초,ein 기초,einem 기초,einen 기초,die Stürme,images/sturm.png
남성,눈,der Schnee,dem Schnee,den 기초,ein 기초,einem 기초,einen 기초,die Schnee,images/schnee.png
남성,서리,der Frost,dem Frost,den 기초,ein 기초,einem 기초,einen 기초,die Fröste,images/frost.png
여성,습도,die Feuchtigkeit,der Feuchtigkeit,die 기초,eine 기초,einer 기초,eine 기초,die Feuchtigkeiten,images/feuchtigkeit.png
여성,온도,die Temperatur,der Temperatur,die 기초,eine 기초,einer 기초,eine 기초,die Temperaturen,images/temperatur.png
여성,더위,die Hitze,der Hitze,die 기초,eine 기초,einer 기초,eine 기초,die Hitzen,images/hitze.png
여성,추위,die Kälte,der Kälte,die 기초,eine 기초,einer 기초,eine 기초,die Kälten,images/kälte.png
여성,바지,die Hose,der Hose,die 기초,eine 기초,einer 기초,eine 기초,die Hosen,images/hose.png
중성,셔츠,das Hemd,dem Hemd,das 기초,ein 기초,einem 기초,ein 기초,die Hemden,images/hemd.png
남성,코트,der Mantel,dem Mantel,den 기초,ein 기초,einem 기초,einen 기초,die Mäntel,images/mantel.png
여성,재킷,die Jacke,der Jacke,die 기초,eine 기초,einer 기초,eine 기초,die Jacken,images/jacke.png
여성,모자,die Mütze,der Mütze,die 기초,eine 기초,einer 기초,eine 기초,die Mützen,images/mütze.png
남성,치마,der Rock,dem Rock,den 기초,ein 기초,einem 기초,einen 기초,die Röcke,images/rock.png
중성,드레스,das Kleid,dem Kleid,das 기초,ein 기초,einem 기초,ein 기초,die Kleider,images/kleid.png
남성,장화,der Stiefel,dem Stiefel,den 기초,ein 기초,einem 기초,einen 기초,die Stiefel,images/stiefel.png
여성,양말,die Socke,der Socke,die 기초,eine 기초,einer 기초,eine 기초,die Socken,images/socke.png
남성,벨트,der Gürtel,dem Gürtel,den 기초,ein 기초,einem 기초,einen 기초,die Gürtel,images/gürtel.png
남성,넥타이,der Schlips,dem Schlips,den 기초,ein 기초,einem 기초,einen 기초,die Schlipse,images/schlips.png
남성,머리,der Kopf,dem Kopf,den 기초,ein 기초,einem 기초,einen 기초,die Köpfe,images/kopf.png
중성,눈,das Auge,dem Auge,das 기초,ein 기초,einem 기초,ein 기초,die Augen,images/auge.png
여성,손,die Hand,der Hand,die 기초,eine 기초,einer 기초,eine 기초,die Hände,images/hand.png
남성,팔,der Arm,dem Arm,den 기초,ein 기초,einem 기초,einen 기초,die Arme,images/arm.png
중성,다리,das Bein,dem Bein,das 기초,ein 기초,einem 기초,ein 기초,die Beine,images/bein.png
남성,발,der Fuß,dem Fuß,den 기초,ein 기초,einem 기초,einen 기초,die Füße,images/fuß.png
남성,목,der Hals,dem Hals,den 기초,ein 기초,einem 기초,einen 기초,die Hälse,images/hals.png
여성,어깨,die Schulter,der Schulter,die 기초,eine 기초,einer 기초,eine 기초,die Schultern,images/schulter.png
여성,피부,die Haut,der Haut,die 기초,eine 기초,einer 기초,eine 기초,die Häute,images/haut.png
남성,손가락,der Finger,dem Finger,den 기초,ein 기초,einem 기초,einen 기초,die Finger,images/finger.png
여성,손톱,die Nagel,der Nagel,die 기초,eine 기초,einer 기초,eine 기초,die Nägel,images/nagel.png
남성,등,der Rücken,dem Rücken,den 기초,ein 기초,einem 기초,einen 기초,die Rücken,images/rücken.png
남성,배,der Bauch,dem Bauch,den 기초,ein 기초,einem 기초,einen 기초,die Bäuche,images/bauch.png
중성,심장,das Herz,dem Herzen,das 기초,ein 기초,einem 기초,ein 기초,die Herzen,images/herz.png
여성,허리,die Taille,der Taille,die 기초,eine 기초,einer 기초,eine 기초,die Taillen,images/taille.png
중성,무릎,das Knie,dem Knie,das 기초,ein 기초,einem 기초,ein 기초,die Knie,images/knie.png
중성,취미,das Hobby,dem Hobby,das 기초,ein 기초,einem 기초,ein 기초,die Hobbys,images/hobby.png
남성,스포츠,der Sport,dem Sport,den 기초,ein 기초,einem 기초,einen 기초,die Sportarten,images/sport.png
여성,음악,die Musik,der Musik,die 기초,eine 기초,einer 기초,eine 기초,die Musiken,images/musik.png
중성,영화관,das Kino,dem Kino,das 기초,ein 기초,einem 기초,ein 기초,die Kinos,images/kino.png
중성,여행,das Reisen,dem Reisen,das 기초,ein 기초,einem 기초,ein 기초,die Reisen,images/reisen.png
여성,독서,die Lektüre,der Lektüre,die 기초,eine 기초,einer 기초,eine 기초,die Lektüren,images/lektüre.png
남성,등산,der Bergsport,dem Bergsport,den 기초,ein 기초,einem 기초,einen 기초,die Bergsportarten,images/bergsport.png
남성,수영,der Schwimmsport,dem Schwimmsport,den 기초,ein 기초,einem 기초,einen 기초,die Schwimmsportarten,images/schwimmsport.png
남성,요리,der Kochsport,dem Kochsport,den 기초,ein 기초,einem 기초,einen 기초,die Kochsportarten,images/kochsport.png
여성,그림그리기,die Malerei,der Malerei,die 기초,eine 기초,einer 기초,eine 기초,die Malereien,images/malerei.png
남성,춤,der Tanz,dem Tanz,den 기초,ein 기초,einem 기초,einen 기초,die Tänze,images/tanz.png
중성,노래,das Lied,dem Lied,das 기초,ein 기초,einem 기초,ein 기초,die Lieder,images/lied.png
남성,자전거타기,der Radsport,dem Radsport,den 기초,ein 기초,einem 기초,einen 기초,die Radsportarten,images/radsport.png
남성,스키,der Skisport,dem Skisport,den 기초,ein 기초,einem 기초,einen 기초,die Skisportarten,images/skisport.png
남성,나무,der Baum,dem Baum,den 기초,ein 기초,einem 기초,einen 기초,die Bäume,images/baum.png
여성,꽃,die Blume,der Blume,die 기초,eine 기초,einer 기초,eine 기초,die Blumen,images/blume.png
남성,산,der Berg,dem Berg,den 기초,ein 기초,einem 기초,einen 기초,die Berge,images/berg.png
중성,바다,das Meer,dem Meer,das 기초,ein 기초,einem 기초,ein 기초,die Meere,images/meer.png
남성,호수,der See,dem See,den 기초,ein 기초,einem 기초,einen 기초,die Seen,images/see.png
여성,바다(동해 등),die See,der See,die 기초,eine 기초,einer 기초,eine 기초,die Seen,images/see.png
남성,강,der Fluss,dem Fluss,den 기초,ein 기초,einem 기초,einen 기초,die Flüsse,images/fluss.png
남성,해변,der Strand,dem Strand,den 기초,ein 기초,einem 기초,einen 기초,die Strände,images/strand.png
여성,섬,die Insel,der Insel,die 기초,eine 기초,einer 기초,eine 기초,die Inseln,images/insel.png
여성,사막,die Wüste,der Wüste,die 기초,eine 기초,einer 기초,eine 기초,die Wüsten,images/wüste.png
남성,하늘,der Himmel,dem Himmel,den 기초,ein 기초,einem 기초,einen 기초,die Himmel,images/himmel.png
남성,달(천체),der Mond,dem Mond,den 기초,ein 기초,einem 기초,einen 기초,die Monde,images/mond.png
남성,별,der Stern,dem Stern,den 기초,ein 기초,einem 기초,einen 기초,die Sterne,images/stern.png
여성,지구,die Erde,der Erde,die 기초,eine 기초,einer 기초,eine 기초,die Erden,images/erde.png
남성,개,der Hund,dem Hund,den 기초,ein 기초,einem 기초,einen 기초,die Hunde,images/hund.png
여성,고양이,die Katze,der Katze,die 기초,eine 기초,einer 기초,eine 기초,die Katzen,images/katze.png
중성,말,das Pferd,dem Pferd,das 기초,ein 기초,einem 기초,ein 기초,die Pferde,images/pferd.png
여성,소,die Kuh,der Kuh,die 기초,eine 기초,einer 기초,eine 기초,die Kühe,images/kuh.png
중성,돼지,das Schwein,dem Schwein,das 기초,ein 기초,einem 기초,ein 기초,die Schweine,images/schwein.png
중성,양,das Schaf,dem Schaf,das 기초,ein 기초,einem 기초,ein 기초,die Schafe,images/schaf.png
중성,닭,das Huhn,dem Huhn,das 기초,ein 기초,einem 기초,ein 기초,die Hüh너,images/huhn.png
남성,새,der Vogel,dem Vogel,den 기초,ein 기초,einem 기초,einen 기초,die Vögel,images/vogel.png
남성,사자,der Löwe,dem Löwen,den 기초,ein 기초,einem 기초,einen 기초,die Löwen,images/löwe.png
남성,호랑이,der Tiger,dem Tiger,den 기초,ein 기초,einem 기초,einen 기초,die Tiger,images/tiger.png
남성,코끼리,der Elefant,dem Elefanten,den 기초,ein 기초,einem 기초,einen 기초,die Elefanten,images/elefant.png
남성,곰,der Bär,dem Bären,den 기초,ein 기초,einem 기초,einen 기초,die Bären,images/bär.png
여성,쥐,die Maus,der Maus,die 기초,eine 기초,einer 기초,eine 기초,die Mäuse,images/maus.png
남성,원숭이,der Affe,dem Affen,den 기초,ein 기초,einem 기초,einen 기초,die Affen,images/affe.png
여성,뱀,die Schlange,der Schlange,die 기초,eine 기초,einer 기초,eine 기초,die Schlangen,images/schlange.png
남성,물고기,der Fisch,dem Fisch,den 기초,ein 기초,einem 기초,einen 기초,die Fische,images/fisch.png
중성,돈,das Geld,dem Geld,das 기초,ein 기초,einem 기초,ein 기초,die Gelder,images/geld.png
여성,질문,die Frage,der Frage,die 기초,eine 기초,einer 기초,eine 기초,die Fragen,images/frage.png
중성,문제,das Problem,dem Problem,das 기초,ein 기초,einem 기초,ein 기초,die Probleme,images/problem.png
남성,이름,der Name,dem Namen,den 기초,ein 기초,einem 기초,einen 기초,die Namen,images/name.png
여성,주소,die Adresse,der Adresse,die 기초,eine 기초,einer 기초,eine 기초,die Adressen,images/adresse.png
남성,약속(시간),der Termin,dem Termin,den 기초,ein 기초,einem 기초,einen 기초,die Termine,images/termin.png
중성,티켓,das Ticket,dem Ticket,das 기초,ein 기초,einem 기초,ein 기초,die Tickets,images/ticket.png
여성,생각,die Idee,der Idee,die 기초,eine 기초,einer 기초,eine 기초,die Ideen,images/idee.png
여성,희망,die Hoffnung,der Hoffnung,die 기초,eine 기초,einer 기초,eine 기초,die Hoffnungen,images/hoffnung.png
여성,사랑,die Liebe,der Liebe,die 기초,eine 기초,einer 기초,eine 기초,die Lieben,images/liebe.png
중성,행복,das Glück,dem Glück,das 기초,ein 기초,einem 기초,ein 기초,die Glücke,images/glück.png
남성,성공,der Erfolg,dem Erfolg,den 기초,ein 기초,einem 기초,einen 기초,die Erfolge,images/erfolg.png
여성,경험,die Erfahrung,der Erfahrung,die 기초,eine 기초,einer 기초,eine 기초,die Erfahrungen,images/erfahrung.png
여성,지식,die Kenntnis,der 기초,die 기초,eine 기초,einer 기초,eine 기초,die Kenntnisse,images/kenntnis.png
여성,문화,die Kultur,der 기초,die 기초,eine 기초,einer 기초,eine 기초,die Kulturen,images/kultur.png
여성,정치,die Politik,der 기초,die 기초,eine 기초,einer 기초,eine 기초,die Politiken,images/politik.png
여성,경제,die Wirtschaft,der 기초,die 기초,eine 기초,einer 기초,eine 기초,die Wirtschaften,images/wirtschaft.png
여성,사회,die Gesellschaft,der 기초,die 기초,eine 기초,einer 기초,eine 기초,die Gesellschaften,images/gesellschaft.png
여성,역사,die Geschichte,der 기초,die 기초,eine 기초,einer 기초,eine 기초,die Geschichten,images/geschichte.png
여성,예술,die Kunst,der 기초,die 기초,eine 기초,einer 기초,eine 기초,die Künste,images/kunst.png
여성,종교,die Religion,der 기초,die 기초,eine 기초,einer 기초,eine 기초,die Religionen,images/religion.png
중성,법,das Gesetz,dem 기초,das 기초,ein 기초,einem 기초,ein 기초,die Gesetze,images/gesetz.png
남성,평화,der Frieden,dem 기초,den 기초,ein 기초,einem 기초,einen 기초,die Frieden,images/frieden.png
여성,자유,die Freiheit,der 기초,die 기초,eine 기초,einer 기초,eine 기초,die Freiheiten,images/freiheit.png
여성,미래,die Zukunft,der 기초,die 기초,eine 기초,einer 기초,eine 기초,die Zukünfte,images/zukunft.png
여성,과거,die Vergangenheit,der 기초,die 기초,eine 기초,einer 기초,eine 기초,die Vergangenheiten,images/vergangenheit.png
여성,현재,die Gegenwart,der 기초,die 기초,eine 기초,einer 기초,eine 기초,die Gegenwarten,images/gegenwart.png
